<?xml version="1.0" encoding="UTF-8" standalone="yes"?>
<addon id="repository.warwickh" name="warwickh addons" version="0.9.0" provider-name="warwickh">
    <extension point="xbmc.addon.repository" name="warwickh addons">
        <dir>
            <info compressed="false">https://raw.githubusercontent.com/warwickh/repository.warwickh/master/zips/addons.xml</info>
            <checksum>https://raw.githubusercontent.com/warwickh/repository.warwickh/master/zips/addons.xml.md5</checksum>
            <datadir zip="true">https://raw.githubusercontent.com/warwickh/repository.warwickh/master/zips/</datadir>
        </dir>
    </extension>
    <extension point="xbmc.addon.metadata">
        <summary>Install warwickh addons</summary>
        <description>warwickh addons for Kodi</description>
        <disclaimer></disclaimer>
        <platform>all</platform>
        <assets>
            <icon>icon.png</icon>
            <fanart>fanart.jpg</fanart>
        </assets>
    </extension>
</addon>