<?xml version="1.0" encoding="UTF-8" standalone="yes"?>
<addon id="plugin.audio.subsonic" name="Subsonic" version="3.0.2" provider-name="BasilFX,warwickh">
    <requires>
        <import addon="xbmc.python" version="3.0.0"/>
    </requires>
    <extension point="xbmc.python.pluginsource" library="main.py">
        <provides>audio</provides>
    </extension>
    <extension point="xbmc.service" library="service.py" />
    <extension point="xbmc.addon.metadata">
        <summary lang="en">Subsonic music addon for Kodi.</summary>
        <summary lang="fr">Extension Subsonic pour Kodi.</summary>
		<summary lang="de">Subsonic Musik Addon für Kodi.</summary>
        <description lang="en">
            Stream, star and download your tunes, directly to Kodi !
            For feature requests / issues:
            https://github.com/warwickh/plugin.audio.subsonic/issues
            Contributions are welcome:
            https://github.com/warwickh/plugin.audio.subsonic
        </description>
        <description lang="fr">
            Jouez, marquez vos favoris et téléchargez votre musique, directement dans Kodi !
            Pour les demandes et problèmes :
            https://github.com/warwickh/plugin.audio.subsonic/issues
            Les contributions sont les bienvenues :
            https://github.com/warwickh/plugin.audio.subsonic
        </description>
		<description lang="de">
            Streame, bewerte und downloade deine Medien direkt in Kodi !
	    Für neue Eigentschaften oder Fehler:
            https://github.com/warwickh/plugin.audio.subsonic/issues
            Beihilfe ist Willkommen:
            https://github.com/warwickh/plugin.audio.subsonic
        </description>
        <assets>
            <icon>icon.png</icon>
            <fanart>fanart.jpg</fanart>
        </assets>
        <disclaimer lang="en"></disclaimer>
        <language>multi</language>
        <platform>all</platform>
        <license>MIT</license>
        <forum></forum>
        <website>http://www.subsonic.org</website>
	<source>https://github.com/warwickh/plugin.audio.subsonic</source>
        <email></email>
    </extension>
</addon>
