<?xml version="1.0" encoding="UTF-8"?>
<addon id="plugin.video.aihl"
version="0.0.9"
name="AIHL TV"
provider-name="warwickh">
<requires>
  <import addon="xbmc.python" version="3.0.0"/>
  <import addon="script.module.requests" version="2.22.0" />
  <import addon="script.module.beautifulsoup4" version="4.9.3"/>
</requires>
<extension point="xbmc.python.pluginsource" library="main.py">
  <provides>video</provides>
</extension>
<extension point="xbmc.addon.metadata">
  <summary lang="en">AIHL.TV Kodi Video Plugin</summary>
  <description lang="en_GB">Watch games from AIHL.tv[CR]You must have a valid aihl.tv subscription configured</description>
  <disclaimer lang="en_GB">Please do not violate the terms of service.</disclaimer>
  <assets>
    <icon>icon.png</icon>
    <fanart>fanart.png</fanart> 
  </assets>
</extension>
</addon>
